chunk,start_line,end_line,log_count,token_count,alert_count,alerts
chunk0,0,486,487,32748,0,{}
chunk1,487,978,492,32708,0,{}
chunk2,979,1467,489,32765,0,{}
chunk3,1468,1955,488,32748,0,{}
chunk4,1956,2428,473,32694,0,{}
chunk5,2429,2847,419,32722,0,{}
chunk6,2848,3267,420,32705,0,{}
chunk7,3268,3679,412,32746,0,{}
chunk8,3680,4093,414,32747,0,{}
chunk9,4094,4515,422,32716,0,{}
chunk10,4516,4933,418,32709,0,{}
chunk11,4934,5336,403,32749,0,{}
chunk12,5337,5588,252,32723,37,"{""5468"": ""VAPI"", ""5469"": ""VAPI"", ""5470"": ""VAPI"", ""5475"": ""VAPI"", ""5476"": ""VAPI"", ""5485"": ""VAPI"", ""5486"": ""VAPI"", ""5487"": ""VAPI"", ""5492"": ""VAPI"", ""5493"": ""VAPI"", ""5496"": ""CPU"", ""5499"": ""VAPI"", ""5500"": ""VAPI"", ""5501"": ""VAPI"", ""5508"": ""VAPI"", ""5509"": ""VAPI"", ""5515"": ""VAPI"", ""5516"": ""VAPI"", ""5517"": ""VAPI"", ""5527"": ""VAPI"", ""5528"": ""VAPI"", ""5534"": ""VAPI"", ""5535"": ""VAPI"", ""5540"": ""VAPI"", ""5541"": ""VAPI"", ""5550"": ""VAPI"", ""5551"": ""VAPI"", ""5552"": ""VAPI"", ""5557"": ""VAPI"", ""5558"": ""VAPI"", ""5571"": ""VAPI"", ""5572"": ""VAPI"", ""5573"": ""VAPI"", ""5578"": ""VAPI"", ""5579"": ""VAPI"", ""5587"": ""VAPI"", ""5588"": ""VAPI""}"
chunk13,5589,5877,289,32727,54,"{""5589"": ""VAPI"", ""5593"": ""VAPI"", ""5594"": ""VAPI"", ""5600"": ""VAPI"", ""5601"": ""VAPI"", ""5612"": ""VAPI"", ""5613"": ""VAPI"", ""5614"": ""VAPI"", ""5619"": ""VAPI"", ""5620"": ""VAPI"", ""5621"": ""VAPI"", ""5625"": ""VAPI"", ""5636"": ""VAPI"", ""5637"": ""VAPI"", ""5642"": ""VAPI"", ""5643"": ""VAPI"", ""5644"": ""VAPI"", ""5655"": ""VAPI"", ""5670"": ""VAPI"", ""5675"": ""VAPI"", ""5676"": ""VAPI"", ""5677"": ""VAPI"", ""5688"": ""VAPI"", ""5689"": ""VAPI"", ""5709"": ""VAPI"", ""5714"": ""VAPI"", ""5715"": ""VAPI"", ""5727"": ""VAPI"", ""5728"": ""VAPI"", ""5729"": ""VAPI"", ""5743"": ""VAPI"", ""5751"": ""VAPI"", ""5752"": ""VAPI"", ""5765"": ""VAPI"", ""5766"": ""VAPI"", ""5767"": ""VAPI"", ""5782"": ""VAPI"", ""5783"": ""VAPI"", ""5789"": ""VAPI"", ""5790"": ""VAPI"", ""5799"": ""VAPI"", ""5800"": ""VAPI"", ""5816"": ""VAPI"", ""5817"": ""VAPI"", ""5822"": ""VAPI"", ""5823"": ""VAPI"", ""5832"": ""VAPI"", ""5833"": ""VAPI"", ""5848"": ""VAPI"", ""5853"": ""VAPI"", ""5854"": ""VAPI"", ""5869"": ""VAPI"", ""5870"": ""VAPI"", ""5871"": ""VAPI""}"
chunk14,5878,6021,144,16861,30,"{""5884"": ""VAPI"", ""5889"": ""VAPI"", ""5890"": ""VAPI"", ""5901"": ""VAPI"", ""5902"": ""VAPI"", ""5903"": ""VAPI"", ""5913"": ""VAPI"", ""5914"": ""VAPI"", ""5922"": ""VAPI"", ""5923"": ""VAPI"", ""5932"": ""VAPI"", ""5933"": ""VAPI"", ""5945"": ""VAPI"", ""5946"": ""VAPI"", ""5953"": ""VAPI"", ""5954"": ""VAPI"", ""5964"": ""VAPI"", ""5965"": ""VAPI"", ""5974"": ""VAPI"", ""5975"": ""VAPI"", ""5981"": ""VAPI"", ""5982"": ""VAPI"", ""5992"": ""VAPI"", ""5993"": ""VAPI"", ""6000"": ""VAPI"", ""6005"": ""VAPI"", ""6006"": ""VAPI"", ""6017"": ""VAPI"", ""6018"": ""VAPI"", ""6019"": ""VAPI""}"
